block_fips,pop2020
61130101032011,0
61130115001002,25
61130107041021,67
61130112071032,17
61130105052021,0
61130103121011,39
61130102034010,0
61130114002074,24
61130105112002,53
61130111031006,115
61130111012025,96
61130101051016,0
61130107032005,60
61130103132008,48
61130112092009,55
61130101021050,108
61130113011000,0
61130115005029,9
61130115005034,0
61130115005046,0
61130112072019,155
61130112071003,110
61130113031009,31
61130113012038,40
61130101033019,105
61130105053004,469
61130111011021,49
61130115002048,0
61130115001020,13
61130114001005,0
61130102034029,0
61130114001014,256
61130114003056,0
61130112083088,0
61130115005038,0
61130107014024,0
61130106102012,58
61130104012005,82
61130113031004,0
61130113011004,0
61130112092012,51
61130102011067,44
61130105081008,53
61130105053003,93
61130114003024,0
61130107033004,0
61130114002019,72
61130110011013,81
61130102011019,22
61130112083102,5
61130115002005,0
61130107013012,39
61130115004012,21
61130102034001,0
61130111011029,118
61130114001092,6
61130101033016,130
61130107031004,45
61130103151016,0
61130113041014,0
61130111012009,38
61130108001006,443
61130104021027,0
61130102011037,0
61130115001037,113
61130114002064,0
61130105052013,7
61130114001073,10
61130103151024,59
61130114003054,0
61130105111001,59
61130113031001,46
61130102042002,53
61130109013025,82
61130115001028,0
61130106022007,39
61130114001002,5
61130103131012,38
61130101041016,0
61130104011068,10
61130112083004,0
61130114001067,16
61130105052032,14
61130114003033,7
61130105112003,484
61130115002079,27
61130105052003,29
61130102042011,0
61130111032011,110
61130103121006,59
61130115005047,0
61130106092007,0
61130112031003,135
61130112032012,41
61130102011043,49
61130115003029,23
61130115003016,106
61130103121007,48
61130103121008,76
61130111021005,75
61130114001008,15
61130104011038,47
61130114001021,0
61130102034022,65
61130106092014,27
61130108003018,0
61130110023006,16
61130114002056,15
61130114001100,0
61130106024002,0
61130113012047,0
61130102032002,201
61130112041011,168
61130112072013,171
61130102034034,0
61130101044003,187
61130107014037,20
61130113012025,0
61130105012013,0
61130115002073,0
61130105092010,53
61130102012027,60
61130103131022,89
61130109022000,162
61130114003072,14
61130114003037,3
61130106051003,119
61130106082001,26
61130110023015,21
61130108003001,0
61130114003016,9
61130103104008,139
61130101032000,71
61130109022012,83
61130113011062,392
61130114001054,18
61130102012015,31
61130105092012,186
61130102011034,17
61130106073005,156
61130114002091,42
61130102031006,49
61130104013010,0
61130107012004,134
61130113011021,30
61130113011046,3
61130104021022,77
61130106111006,203
61130104014031,0
61130102043013,119
61130115004014,16
61130113021002,28
61130113011022,0
61130113031020,198
61130107014013,0
61130115005018,19
61130115005040,7
61130111011022,37
61130111011000,0
61130115005045,0
61130102031008,293
61130107034000,451
61130111032010,89
61130105111003,47
61130106102006,69
61130113041003,47
61130114003069,14
61130112091003,1393
61130101033011,150
61130103103005,183
61130109023016,113
61130114002013,7
61130115002009,9
61130112083118,0
61130105012001,0
61130109013020,36
61130114001088,0
61130105111002,69
61130115002042,0
61130113011040,6
61130113031030,35
61130113023014,34
61130112043007,68
61130109021003,132
61130111021003,180
61130104013003,0
61130102032005,59
61130112083059,0
61130110021012,263
61130109023028,12
61130107041004,65
61130104011028,10
61130112031015,64
61130106111008,41
61130106022000,165
61130115005050,9
61130114001072,22
61130102034031,0
61130112072024,172
61130112091004,49
61130103151015,0
61130101031007,51
61130105092000,16
61130112111006,60
61130104022010,63
61130101021038,0
61130115001047,0
61130105052025,315
61130104012001,174
61130112083011,0
61130115003030,0
61130115002004,3
61130103103002,38
61130114002099,32
61130105091001,62
61130110013027,42
61130101032001,957
61130106052006,68
61130112111010,188
61130112031010,65
61130107032012,46
61130114003063,19
61130106084012,49
61130106025004,123
61130113031024,31
61130113031027,37
61130102011013,0
61130104021013,0
61130111012026,45
61130109013001,69
61130103132016,99
61130111032008,58
61130112091013,283
61130112032006,125
61130115002029,1
61130115003007,122
61130111023006,81
61130107033001,432
61130103132013,261
61130106081001,8
61130114002101,33
61130112083112,20
61130104022001,228
61130111011031,55
61130114002029,5
61130114002032,22
61130102042007,78
61130107013018,0
61130112071020,13
61130106073007,26
61130101021040,0
61130112083047,0
61130114002098,27
61130105053000,24
61130113031023,52
61130106101002,60
61130106092009,63
61130107012010,249
61130112083091,0
61130114003039,22
61130112071007,0
61130109011017,74
61130110021005,100
61130109022016,225
61130106022006,51
61130106102014,0
61130115002032,4
61130109022017,220
61130105111005,48
61130112082025,83
61130112083032,87
61130101021021,16
61130102012016,0
61130105112000,1128
61130103101003,231
61130112072017,0
61130112083071,0
61130115002080,0
61130113011001,15
61130108002010,34
61130110013020,145
61130112082009,61
61130109012007,606
61130103121010,74
61130107012011,114
61130103151006,198
61130115005023,0
61130108003002,0
61130112083074,0
61130101033015,148
61130112083042,0
61130101031008,82
61130106051016,69
61130105091005,623
61130112101008,164
61130105012019,0
61130101043000,201
61130101021041,0
61130112102008,72
61130105051012,38
61130101033002,163
61130115005037,24
61130113031006,24
61130112101001,44
61130103103007,60
61130112083075,0
61130115001014,16
61130101021003,0
61130110013022,0
61130104011076,0
61130104011092,0
61130115002051,6
61130109022018,15
61130112071009,19
61130115004024,38
61130115002097,19
61130108002003,38
61130110022001,64
61130110023020,66
61130105082001,370
61130115001033,0
61130112083089,0
61130107013006,22
61130107014015,22
61130115005056,10
61130108003004,14
61130101021010,0
61130102011007,0
61130102012007,29
61130115001035,55
61130115005006,94
61130114002051,0
61130114002060,0
61130101031004,106
61130114003052,15
61130107041015,38
61130103104002,151
61130110011007,49
61130102011011,18
61130101021024,0
61130114002104,11
61130105081000,492
61130105102002,37
61130112111003,54
61130112092007,39
61130111021007,48
61130110021008,112
61130113012041,0
61130102012009,17
61130102011048,33
61130101051015,0
61130112083063,0
61130102031004,0
61130105053008,111
61130104011062,0
61130104014010,33
61130103123002,227
61130105011013,7
61130115003003,47
61130103101001,0
61130113011031,9
61130106051007,46
61130114002085,6
61130105081006,40
61130102043018,92
61130102012021,43
61130103151026,0
61130112083055,0
61130114002037,27
61130114003022,0
61130114003025,0
61130110021004,51
61130110012005,234
61130112043008,0
61130106022003,108
61130113011025,0
61130108002023,59
61130114002071,0
61130102032011,186
61130112083090,0
61130103132012,95
61130102034017,36
61130113011056,0
61130106092001,50
61130113012012,6
61130102011030,0
61130115004001,55
61130102034003,0
61130112072007,211
61130108002030,0
61130111011013,43
61130102042015,60
61130115001022,1
61130114002055,2
61130115001045,0
61130112031008,90
61130101021058,0
61130103122003,175
61130112083022,0
61130114002100,35
61130115005009,13
61130113031025,17
61130101051013,20
61130112092004,76
61130106084010,40
61130106072001,601
61130102011062,31
61130104011052,10
61130106052003,105
61130109023012,39
61130115005042,0
61130103101005,0
61130106022004,115
61130107014002,22
61130105052031,12
61130112042005,84
61130112041009,77
61130108002019,35
61130105112001,42
61130111011006,13
61130108003022,17
61130105012018,0
61130102012017,28
61130110013028,32
61130109023026,0
61130114001031,0
61130104011025,0
61130104011066,15
61130104011018,10
61130110021009,116
61130110023004,48
61130106101004,259
61130115005031,6
61130101021027,0
61130114001056,0
61130103102019,96
61130112083053,19
61130114002062,0
61130106102003,76
61130102032007,116
61130111011001,0
61130101041006,74
61130101051007,62
61130111012016,110
61130105101000,0
61130113041004,63
61130114003060,90
61130113012021,20
61130115004025,9
61130113012000,1
61130115001015,4
61130113011018,0
61130101044006,519
61130115005002,0
61130106073010,17
61130103102000,171
61130102011061,36
61130105012015,61
61130105082000,14
61130105052039,0
61130113011050,39
61130104021021,91
61130112031006,0
61130112031009,181
61130110013019,59
61130114003068,14
61130104011032,24
61130112083031,45
61130105052026,39
61130107014012,27
61130115004006,58
61130115002030,11
61130108003014,0
61130102011014,0
61130103102009,117
61130112072023,115
61130101031011,75
61130102034023,67
61130105012027,2886
61130109023004,55
61130109023018,118
61130105051013,0
61130103122006,17
61130103122015,89
61130105103000,0
61130103131004,157
61130109011005,39
61130107014031,54
61130112083079,0
61130111032000,78
61130105121001,58
61130104022017,147
61130106072004,85
61130108001010,24
61130111032003,73
61130103151009,134
61130102011038,23
61130115002043,0
61130112101009,56
61130109021008,72
61130110013008,51
61130105051002,31
61130112083065,0
61130102011051,30
61130103131014,153
61130103141003,917
61130105052053,0
61130105052054,0
61130113011043,1
61130114003027,0
61130110013004,17
61130107032002,74
61130112041003,37
61130113012026,8
61130112081020,46
61130105052037,58
61130107011011,8
61130104013004,0
61130111012020,46
61130114002047,0
61130104022009,131
61130113021013,45
61130114001045,15
61130102041008,532
61130112082014,401
61130112083066,0
61130101041011,82
61130112031016,134
61130102044000,742
61130105101001,21
61130103151011,69
61130115002006,0
61130114002116,37
61130115003032,41
61130101051014,0
61130112081001,36
61130115001027,11
61130104021008,39
61130110021002,79
61130104021031,0
61130112072008,163
61130105052043,65
61130112083121,64
61130112071034,1
61130101043009,137
61130102012011,30
61130107011004,142
61130111012010,26
61130101033010,132
61130107014040,22
61130113021000,4
61130104022011,147
61130112083105,0
61130109023023,30
61130114001075,14
61130101051004,0
61130107041016,35
61130105051014,49
61130105091002,81
61130101051000,106
61130112082017,165
61130111022003,60
61130103122002,120
61130115005014,42
61130111012005,32
61130106092015,58
61130107014010,68
61130115005036,10
61130114001068,0
61130115004026,0
61130104014001,0
61130114001012,91
61130115002060,12
61130112082003,1011
61130106092003,36
61130107011016,52
61130107032004,26
61130107041007,82
61130111011028,118
61130115002000,7
61130105104001,762
61130112041013,184
61130112043019,30
61130112071001,22
61130106051013,57
61130105011008,0
61130105082010,0
61130112083109,0
61130107014014,28
61130102031003,0
61130102031014,229
61130112111007,67
61130115005055,5
61130105132002,1587
61130114002068,0
61130107014021,10
61130106022012,82
61130113021007,61
61130114002111,9
61130112081019,144
61130109023010,63
61130104011016,4
61130107034003,461
61130114003031,0
61130105012004,179
61130115001036,23
61130114001027,0
61130104011019,62
61130114002007,0
61130103132014,143
61130115003010,103
61130104021002,55
61130103122012,185
61130102034002,0
61130110023007,32
61130111011030,113
61130108003010,204
61130112082002,51
61130112082019,19
61130105012002,2161
61130107013019,30
61130107014023,14
61130105082011,100
61130112101006,54
61130102011015,289
61130114001096,1
61130112031013,56
61130110022012,23
61130103131018,56
61130101021015,8
61130102034036,0
61130114003041,10
61130114002081,93
61130115005051,8
61130101021049,131
61130106081005,71
61130113041007,67
61130114002097,36
61130114002096,39
61130109013013,49
61130115001005,0
61130112082012,95
61130109013002,77
61130115001030,0
61130113011006,15
61130113031019,29
61130111011011,49
61130102034011,0
61130113012007,0
61130104011079,0
61130106022010,93
61130105052019,20
61130112042011,86
61130102043011,55
61130102012010,0
61130106111002,84
61130112042010,69
61130108003008,10
61130115002014,10
61130115001019,15
61130112083039,0
61130106101011,0
61130112032011,58
61130108002022,112
61130112071038,5
61130111021000,281
61130109023030,0
61130115004015,43
61130102011039,0
61130101021004,35
61130115005021,10
61130115003009,123
61130101021047,130
61130112083124,48
61130108002034,16
61130111011020,36
61130106111004,96
61130110023019,60
61130111023003,88
61130102032009,87
61130104011027,7
61130105092006,70
61130106023000,242
61130114001094,2
61130114001017,12
61130112102005,59
61130101051026,209
61130109012008,0
61130114003045,0
61130106071007,170
61130106101009,76
61130105052015,0
61130103141019,52
61130108002012,32
61130105082008,58
61130114001066,0
61130104021037,0
61130107014029,30
61130106102009,56
61130105052033,6
61130114003023,0
61130115005039,0
61130103132002,81
61130112043004,13
61130112081023,75
61130112081006,50
61130102011005,59
61130103121015,93
61130112092005,65
61130102011009,0
61130102012008,31
61130102011022,69
61130109023015,15
61130109023019,42
61130104021018,335
61130112031002,82
61130114001052,0
61130114003030,0
61130112072002,0
61130112082018,26
61130112081000,199
61130103132010,290
61130109023005,62
61130114002036,0
61130103141010,102
61130107034002,97
61130106022013,19
61130114001091,8
61130115002095,22
61130103131005,74
61130106073000,256
61130112083049,0
61130113011041,3
61130104021004,40
61130112083030,113
61130114002102,35
61130113011065,0
61130113031012,21
61130101021057,0
61130105052005,10
61130114003019,0
61130107013003,127
61130104011069,3
61130109023022,3
61130109021006,229
61130102011010,459
61130103132021,152
61130102042010,0
61130102034007,0
61130102034015,41
61130111021006,328
61130115002093,0
61130111032006,259
61130105052046,113
61130111031010,66
61130102043012,162
61130115002010,15
61130106051001,667
61130106091005,68
61130104011012,19
61130112071000,10
61130102042012,0
61130101031013,276
61130109013003,123
61130112071033,8
61130112092000,353
61130107014038,31
61130106022001,38
61130105101005,157
61130114001089,0
61130112083014,0
61130105122002,63
61130112083009,33
61130112083064,0
61130104021005,54
61130113041005,55
61130112071015,31
61130113012032,0
61130102044003,116
61130101031009,69
61130113011013,26
61130114002110,7
61130112043012,47
61130102031009,51
61130102031012,88
61130106072003,81
61130112083116,0
61130112071004,60
61130114001016,40
61130108003009,176
61130108002029,0
61130112042007,87
61130115005019,12
61130110022000,191
61130114002039,77
61130108001003,45
61130109013000,177
61130112083006,48
61130107032014,59
61130111023000,247
61130104021006,72
61130114002076,4
61130105052012,0
61130102042013,73
61130111031007,59
61130102041007,149
61130103103000,93
61130105082007,114
61130103131011,108
61130105012020,0
61130101032009,47
61130113011039,12
61130106084011,846
61130106052004,91
61130105011012,1
61130113031026,41
61130102012005,39
61130114002079,12
61130108002005,38
61130115001004,0
61130105052004,11
61130109023027,3
61130112101004,56
61130109021009,90
61130110022006,39
61130114001039,0
61130115002069,0
61130105051011,10
61130111012002,81
61130112083068,0
61130105011000,0
61130110013030,76
61130110021011,45
61130112083057,0
61130102012030,0
61130113022000,0
61130115003020,33
61130103101009,54
61130112072022,74
61130111011016,70
61130114001044,0
61130114002050,0
61130101021060,18
61130115005030,7
61130101041007,218
61130109023006,313
61130110011000,257
61130107012003,213
61130109021000,125
61130106081003,46
61130114001090,6
61130113012006,15
61130102011047,45
61130103132017,85
61130101021051,64
61130106022002,79
61130114002014,16
61130104011034,15
61130106081008,59
61130112083007,0
61130106092008,0
61130113031029,41
61130113011051,1
61130102043008,42
61130102012004,25
61130111012018,0
61130103151017,0
61130112031011,28
61130109013010,71
61130112091005,35
61130103132025,165
61130107011010,28
61130112083113,14
61130112091008,156
61130102043001,0
61130110011012,272
61130111011012,58
61130103102001,0
61130113041011,55
61130105052045,47
61130112082021,28
61130106051014,104
61130112111000,239
61130113012042,260
61130112041021,75
61130108002013,15
61130106091002,301
61130106084004,169
61130115002018,30
61130115002047,7
61130107031001,273
61130112111001,181
61130104022000,112
61130112071005,60
61130109022002,124
61130113012001,1
61130105052038,107
61130113023017,54
61130112082024,169
61130112083060,0
61130102034005,0
61130111021002,74
61130112102003,56
61130101033004,157
61130113031015,114
61130107031005,0
61130112032008,117
61130110023002,56
61130113011055,11
61130103141016,76
61130113012033,0
61130109023025,40
61130115002016,8
61130105012025,0
61130114001085,23
61130115005011,35
61130104022016,261
61130109011001,44
61130102033003,181
61130107041009,82
61130107041003,150
61130101033017,187
61130101033006,151
61130113011034,8
61130104012002,139
61130115002020,12
61130106071004,38
61130106083003,89
61130114003070,66
61130113012043,52
61130112072014,213
61130113041016,39
61130115002081,18
61130108002001,51
61130106084008,0
61130103141011,51
61130115002063,0
61130104021023,183
61130112032000,48
61130107041020,46
61130109011011,94
61130105052022,0
61130106025005,89
61130113011037,2
61130113031013,44
61130115002012,11
61130102011012,397
61130112083104,0
61130106023005,170
61130106023008,0
61130106021001,56
61130112083040,0
61130111031002,0
61130103122005,157
61130112041020,55
61130114002109,5
61130109012000,31
61130111022001,71
61130104011089,0
61130103151005,0
61130109022007,57
61130104022004,125
61130112071025,33
61130106102015,44
61130107031002,47
61130102034014,139
61130103151019,0
61130115001042,0
61130102034033,0
61130103123001,66
61130101021043,64
61130112082011,34
61130106051010,47
61130114003066,17
61130112071002,31
61130114003036,12
61130113041015,11
61130105121008,72
61130112072016,135
61130112071022,0
61130113012037,13
61130113012020,0
61130101043001,101
61130102034013,0
61130109023024,103
61130113011019,6
61130102031007,0
61130112083110,0
61130115002077,0
61130102012022,22
61130112071010,17
61130114003035,16
61130108001007,25
61130114001032,0
61130113012044,46
61130102044004,120
61130106051000,0
61130106074003,23
61130110011017,86
61130110021001,25
61130103101013,206
61130113041002,76
61130102034008,0
61130101051008,30
61130104011044,6
61130115005053,8
61130115003035,29
61130105052035,0
61130111011004,29
61130111012019,127
61130109022009,105
61130114001010,127
61130104021038,0
61130102034006,0
61130112031000,70
61130103121004,56
61130106091004,43
61130107041008,105
61130105011001,1132
61130103151010,76
61130112041023,35
61130106051015,226
61130112083082,0
61130112071029,0
61130105012009,0
61130113011064,78
61130110023010,68
61130108002011,88
61130115001026,46
61130115002023,0
61130102031011,66
61130113011009,23
61130103102014,70
61130105011011,1
61130115001029,102
61130113021005,47
61130112071011,33
61130105052011,18
61130103131013,194
61130102011023,21
61130112092003,95
61130105011007,10
61130112081026,245
61130103151027,0
61130105012008,549
61130106084005,34
61130112102011,69
61130102011026,0
61130104022003,50
61130105052000,2
61130104021032,0
61130112041006,29
61130102034025,68
61130106111010,234
61130115001038,8
61130115004011,35
61130112041012,75
61130114002030,24
61130101051003,0
61130104014008,0
61130115002089,9
61130109021005,0
61130112083051,0
61130106101010,208
61130114003038,2
61130113031007,18
61130105051005,0
61130105053002,72
61130101043003,97
61130103141013,141
61130102011032,0
61130106101012,0
61130108001016,43
61130115001010,0
61130112083061,0
61130114001095,0
61130104011078,0
61130115002101,3
61130112102016,78
61130105132003,102
61130112072005,0
61130113012034,20
61130112083099,0
61130102043015,58
61130103101008,48
61130107033006,253
61130112042016,58
61130112083035,0
61130105051015,4
61130110021000,84
61130112071013,22
61130103141023,84
61130112082007,46
61130111022004,79
61130110013016,48
61130114001001,0
61130108002028,0
61130106051021,51
61130106081009,50
61130113011026,21
61130115005024,7
61130115004023,31
61130115002061,2
61130111012011,33
61130104011003,72
61130114001025,0
61130115002040,0
61130115002099,14
61130112043001,15
61130114001083,0
61130114001058,0
61130109012005,92
61130107041013,44
61130103102010,38
61130107014005,0
61130112083093,8
61130107013011,25
61130109013008,94
61130103103004,50
61130107041000,487
61130115005008,51
61130105122000,406
61130106102001,432
61130112091011,49
61130101051012,55
61130109013023,14
61130114002059,0
61130101021034,0
61130112072003,4
61130102011001,13
61130110011015,205
61130107041010,80
61130107014030,47
61130105051006,12
61130112083123,109
61130112083086,0
61130113041010,0
61130105092005,55
61130102011028,12
61130102011046,104
61130102011063,26
61130105092008,68
61130103122000,0
61130112042006,68
61130104022012,167
61130106081000,0
61130110013031,30
61130113021017,49
61130103132011,66
61130103141017,68
61130110013013,124
61130103101015,68
61130115003026,36
61130112091002,0
61130115003008,123
61130111011024,37
61130111011015,42
61130114003012,12
61130101021026,0
61130101031005,49
61130101031006,44
61130114002084,0
61130105011016,0
61130107011014,68
61130105052007,0
61130105112004,472
61130109021004,219
61130112101002,96
61130110011005,51
61130108002027,0
61130111021001,187
61130101041008,63
61130114001050,0
61130107014006,0
61130101042004,32
61130105011006,0
61130113011060,0
61130105051009,29
61130106101007,40
61130106083006,32
61130114002115,25
61130105051003,129
61130112071037,9
61130110013032,31
61130109011010,67
61130103102018,49
61130101041003,105
61130102041001,83
61130109013021,55
61130112083050,0
61130112102009,69
61130115001017,18
61130106074005,64
61130115002038,6
61130112111005,82
61130103101010,123
61130114001041,0
61130109022019,0
61130103132023,89
61130112082027,130
61130102041004,184
61130102012018,37
61130102043007,135
61130102011054,61
61130101033012,105
61130104011056,31
61130108003021,46
61130104021024,321
61130104011011,51
61130112032001,64
61130110011008,63
61130114003040,12
61130112081015,0
61130115004018,7
61130104011075,9
61130105081002,45
61130115003021,25
61130115002082,0
61130115002057,5
61130111032005,0
61130112083078,0
61130114002021,0
61130102011008,0
61130112111009,305
61130112111002,121
61130109022008,387
61130109013024,66
61130110013002,37
61130110023001,40
61130104021029,40
61130101051018,75
61130101051027,62
61130101051028,17
61130103151014,85
61130113021008,34
61130112082015,57
61130115003014,24
61130114003065,20
61130112083029,0
61130114002087,0
61130114002113,42
61130115003023,36
61130112102013,0
61130113041018,167
61130112071028,15
61130111032009,175
61130115002025,6
61130106052000,648
61130113021011,193
61130110023021,81
61130112041022,44
61130106092010,212
61130113023007,46
61130112091010,257
61130114001078,0
61130104011022,24
61130115002031,0
61130112101003,24
61130102042016,40
61130114002061,8
61130114001028,0
61130112072011,10
61130107014028,0
61130106071009,142
61130113012036,51
61130112072021,48
61130102043014,31
61130103122011,275
61130103151030,66
61130112081007,94
61130112081012,237
61130106111011,56
61130106102002,55
61130106072000,112
61130112043009,281
61130101032010,330
61130115002058,3
61130112083103,0
61130112102004,119
61130105012005,373
61130113041021,0
61130106051008,163
61130104013007,128
61130105122004,195
61130105051010,28
61130113023005,56
61130101021001,0
61130101033003,92
61130108003017,12
61130106083005,36
61130113011014,7
61130104011084,15
61130110023009,95
61130107011015,78
61130107011002,36
61130104013006,205
61130113011003,0
61130105052017,13
61130112081009,99
61130113011036,2
61130112083046,0
61130105111000,800
61130112083058,0
61130113021001,9
61130110022009,53
61130114002006,0
61130105132000,367
61130104011030,14
61130114002020,27
61130104011072,28
61130101032006,122
61130110011003,39
61130101021030,0
61130111032004,88
61130112043003,89
61130115004007,38
61130103104003,85
61130101051021,226
61130108002033,7
61130115005003,0
61130114003006,90
61130107033000,497
61130115003013,48
61130115005054,12
61130101051002,32
61130101051017,38
61130103121017,107
61130101043007,150
61130101031001,97
61130115001025,40
61130108001015,57
61130101021006,0
61130104011014,0
61130114002028,27
61130114002041,0
61130105132001,60
61130105122008,80
61130104021025,51
61130104011083,0
61130114003043,5
61130107011005,92
61130102042009,55
61130102012024,32
61130112083037,21
61130112083095,0
61130113011029,16
61130112042003,60
61130112083008,9
61130103141009,63
61130112082010,505
61130104021009,10
61130104011039,19
61130104011064,0
61130109013017,17
61130115003001,79
61130115002070,0
61130102031005,0
61130108002031,40
61130111012000,10
61130111012012,0
61130107034001,29
61130104011054,49
61130101051011,93
61130101051006,35
61130114002122,2
61130103122009,119
61130104014021,0
61130108002021,87
61130114003032,5
61130107014020,6
61130114002075,0
61130102011055,29
61130113011020,0
61130105092007,67
61130104021016,49
61130103141021,46
61130105111004,131
61130114003047,0
61130107041002,118
61130113023012,163
61130109012003,67
61130105052006,0
61130102043009,57
61130107013008,19
61130107014004,38
61130105103001,0
61130113011058,5
61130104022005,36
61130102011049,26
61130101051005,48
61130103122001,92
61130110013012,55
61130102011044,33
61130103102003,0
61130106023004,141
61130106092005,57
61130107013004,15
61130115004022,21
61130105052030,0
61130103101011,118
61130114001093,1
61130103121013,29
61130110013003,28
61130107033002,79
61130111032007,121
61130110012007,220
61130102043002,0
61130105011014,0
61130104012004,41
61130114003067,22
61130101041017,451
61130105051000,0
61130102034026,0
61130114001057,0
61130115003005,58
61130106101008,44
61130110023016,41
61130101021023,32
61130104011037,12
61130102042006,111
61130114002057,0
61130104013005,508
61130104014023,3
61130108001005,35
61130113031002,46
61130104021003,87
61130112083101,18
61130114002024,18
61130112042001,372
61130103141008,72
61130114001013,72
61130107012009,230
61130114002025,17
61130106022017,52
61130104011055,19
61130105092009,44
61130104011033,3
61130109023002,64
61130115004009,46
61130103122010,117
61130102034035,0
61130101021035,0
61130112042004,75
61130114002040,0
61130113041000,0
61130109022004,148
61130105012010,25
61130106072002,72
61130103102013,99
61130103103008,57
61130115003000,289
61130109023001,54
61130114001036,0
61130103103001,61
61130113041017,369
61130115003033,139
61130104013000,87
61130106081006,68
61130114003062,39
61130112072015,0
61130113012008,0
61130107032001,80
61130102044001,104
61130112083000,0
61130106022011,55
61130113021009,124
61130106052002,182
61130102043005,204
61130108002009,42
61130114003013,0
61130113011063,191
61130115005033,0
61130112081004,46
61130112043020,66
61130106073001,21
61130102031010,471
61130105012003,166
61130104014011,613
61130102012026,49
61130110023012,48
61130114003028,0
61130103141018,42
61130111012001,111
61130105012017,0
61130107013016,32
61130115001044,0
61130115005022,0
61130114002080,186
61130102042001,39
61130109012001,95
61130112083094,0
61130115003004,58
61130102011017,57
61130107011001,54
61130112083038,0
61130112082022,157
61130112083084,0
61130101031003,69
61130106051009,50
61130105102003,26
61130113012002,0
61130113041006,45
61130112041017,54
61130113011049,6
61130105053010,73
61130105122010,55
61130112071021,0
61130102032008,335
61130113031034,35
61130109013022,33
61130104012003,297
61130103104010,92
61130113011012,0
61130103141015,56
61130103141002,30
61130111022005,79
61130114001029,0
61130111011007,0
61130112083005,3
61130106074004,0
61130114001007,0
61130112102007,72
61130111012013,54
61130115002045,0
61130112071012,5
61130112071036,0
61130104021001,24
61130105012006,0
61130115002064,1
61130113012018,0
61130107014034,64
61130105103005,474
61130102011027,29
61130101033005,137
61130112041014,47
61130109023007,54
61130108003006,0
61130112043010,33
61130112071019,50
61130114002078,0
61130112071035,28
61130107014018,0
61130104013002,0
61130112043015,152
61130102011069,19
61130103101006,105
61130110021010,32
61130111012003,74
61130102011006,49
61130101044008,0
61130112091012,61
61130105092001,0
61130104014033,8
61130109023029,47
61130106102000,41
61130114001098,0
61130112072010,79
61130104021017,0
61130114002026,17
61130105052056,0
61130102032004,151
61130106025001,387
61130108002007,80
61130105011009,0
61130103122008,57
61130104014035,128
61130105012022,0
61130109023013,51
61130107032015,66
61130109013014,293
61130114003029,7
61130103131015,112
61130115002072,2
61130113041019,44
61130103132003,146
61130105051019,0
61130112072018,38
61130112111008,57
61130106101006,0
61130112041005,28
61130108001004,50
61130112102000,65
61130114003020,0
61130114001024,0
61130115004000,303
61130112071008,86
61130112081017,141
61130105104002,39
61130108003026,0
61130104021015,6
61130103122013,86
61130110012010,123
61130112032015,47
61130107011000,0
61130101042000,67
61130112092001,48
61130106051020,34
61130115001012,0
61130101032005,247
61130106102010,43
61130115004013,54
61130111012006,35
61130114001038,9
61130110011009,52
61130113023018,370
61130109012004,82
61130105012012,0
61130106083004,43
61130107013014,33
61130105011010,12
61130103104000,937
61130106084006,15
61130101021053,20
61130114002123,20
61130113012031,10
61130112083023,17
61130112031017,39
61130102041005,194
61130105121000,1215
61130103104009,75
61130114002066,0
61130111031001,442
61130114002043,55
61130103121019,40
61130103121020,46
61130106051011,53
61130102042014,30
61130108003013,0
61130106052005,44
61130109011014,66
61130114003050,8
61130112081018,33
61130112043005,95
61130102034021,0
61130106025000,185
61130102012003,49
61130102031000,42
61130107012001,62
61130105052042,80
61130103103010,59
61130114001059,0
61130110023005,32
61130102011016,42
61130114002077,0
61130113023020,81
61130110023013,37
61130106092006,114
61130115003018,157
61130114001040,0
61130107011007,88
61130111011008,19
61130104011053,45
61130114001053,0
61130114002117,0
61130104014005,0
61130112081021,307
61130102033002,282
61130105101003,0
61130112083015,0
61130104011067,11
61130112032002,98
61130106083002,300
61130106091000,169
61130113031022,25
61130112043014,562
61130112102010,168
61130112071031,0
61130110021006,43
61130108001014,26
61130112071039,0
61130103132009,298
61130102011050,29
61130112083087,0
61130103102016,88
61130103132006,82
61130110013000,93
61130102011036,0
61130105052044,0
61130115001046,0
61130113011005,72
61130114002103,16
61130113031008,63
61130103121016,99
61130107014016,0
61130105051020,0
61130106051019,52
61130103132007,113
61130115005007,20
61130115005012,98
61130115005035,0
61130115004021,23
61130111012007,33
61130104011004,0
61130114002012,0
61130102042000,30
61130115001011,39
61130104022018,118
61130103102015,113
61130113023006,49
61130107011009,23
61130101021008,0
61130113031021,74
61130106101003,51
61130112072001,13
61130113031031,30
61130113012046,36
61130102041002,87
61130101043002,90
61130104012000,341
61130101051023,31
61130114001081,10
61130112111004,299
61130112092014,58
61130101044002,0
61130114002049,0
61130101021054,0
61130114003034,22
61130114003058,58
61130114001087,12
61130114003015,5
61130113011027,13
61130109011002,303
61130112043002,23
61130102043020,72
61130110012003,608
61130105052047,55
61130106084000,0
61130104022006,96
61130112032004,84
61130112071006,21
61130112043013,319
61130102034000,0
61130106102011,94
61130107013015,62
61130114001051,0
61130115003036,45
61130112031001,114
61130107014001,0
61130107012008,56
61130103141005,80
61130106071008,86
61130105012014,0
61130104014013,0
61130105082002,63
61130105081007,161
61130101043010,153
61130106101000,285
61130105101002,12
61130104011074,14
61130101051020,176
61130104021030,0
61130109021001,52
61130101021018,0
61130114001079,23
61130105101007,0
61130113021014,51
61130113011052,0
61130113031017,68
61130105081001,72
61130112082001,0
61130111022002,1368
61130113011053,13
61130102041000,140
61130103132022,131
61130103131010,16
61130108003023,22
61130105052041,52
61130110012009,102
61130114003011,15
61130112042019,60
61130108003011,34
61130104011046,7
61130104011001,0
61130115002094,0
61130112043016,86
61130102031013,71
61130114002042,32
61130114001069,35
61130115002053,83
61130115003028,25
61130115002059,11
61130102043003,0
61130102043004,0
61130112092002,37
61130110012008,102
61130106111003,142
61130107014009,31
61130107032016,82
61130101051009,72
61130114002011,0
61130105052049,60
61130115002100,0
61130114003051,26
61130112083034,0
61130115003011,36
61130101033014,94
61130106101001,26
61130109013005,62
61130103101007,43
61130115002067,5
61130108001013,66
61130104011005,0
61130112083073,0
61130102034027,0
61130106101005,75
61130109011004,172
61130115002052,8
61130106052001,101
61130109011009,77
61130109022005,138
61130101044007,45
61130101021032,0
61130106102005,52
61130113031003,46
61130113023015,39
61130112083067,0
61130109023031,9
61130106091001,262
61130103151021,0
61130114001084,0
61130114003021,0
61130110013029,118
61130115001018,13
61130112031018,64
61130115002078,0
61130103141012,78
61130105131000,388
61130114002010,0
61130104011023,25
61130112092011,84
61130102034018,48
61130115002096,16
61130114003026,0
61130114001006,3
61130106074001,45
61130112083100,0
61130112083114,0
61130110013017,87
61130111012017,108
61130101031010,405
61130102032000,169
61130103104005,78
61130115003002,48
61130114003010,19
61130109011000,181
61130112032014,41
61130112043017,81
61130115005032,0
61130113041008,63
61130112083021,10
61130113031011,15
61130103131001,0
61130112083106,24
61130109023008,73
61130112043000,76
61130104011015,33
61130112083025,0
61130106071002,0
61130102012014,40
61130107012007,56
61130107011012,96
61130112083108,9
61130108002015,0
61130114001035,0
61130106092012,211
61130112041019,107
61130115002049,1
61130101033008,0
61130105012024,0
61130109022006,102
61130109013016,11
61130114002044,54
61130115002019,21
61130104021040,85
61130103131021,74
61130112081005,0
61130111031000,44
61130109023032,12
61130115002028,0
61130112081010,82
61130115004002,54
61130114001034,0
61130115002036,0
61130114001082,0
61130109013018,54
61130110013035,54
61130101032004,113
61130109022011,56
61130105122006,68
61130101051022,0
61130115003006,68
61130112083045,0
61130114002119,0
61130101021022,6
61130111023008,33
61130108002024,0
61130113041009,50
61130115002090,9
61130115002033,0
61130106111009,172
61130106111007,119
61130101021014,0
61130104014009,0
61130114003061,21
61130114002114,27
61130105121006,49
61130107032000,92
61130101044004,47
61130103102012,278
61130104014022,0
61130107014027,10
61130112041018,31
61130109023017,95
61130108002014,11
61130108002018,299
61130104011013,23
61130115005001,12
61130112083056,0
61130115002024,0
61130114002005,0
61130115005025,0
61130112031004,102
61130112083012,0
61130103121001,47
61130106084001,16
61130114001099,0
61130106092011,232
61130113041001,139
61130114001080,14
61130112092013,169
61130109013004,125
61130115002001,6
61130102012023,30
61130112091006,70
61130114002094,24
61130102043000,0
61130113012045,18
61130103151008,168
61130109013012,49
61130105121005,76
61130103131019,54
61130112083069,0
61130104022015,95
61130105091000,346
61130107033003,68
61130107032007,35
61130103132027,86
61130101041012,80
61130113011011,1
61130103102007,51
61130109022001,94
61130114003053,0
61130106083001,106
61130113041012,42
61130112083020,19
61130105121004,194
61130105053009,64
61130102031001,0
61130102043016,64
61130109011008,51
61130114002082,27
61130106023007,20
61130105052055,0
61130115004005,56
61130115005041,0
61130102034039,0
61130102012002,39
61130108002032,15
61130102011052,18
61130112091007,121
61130111023001,58
61130111011026,0
61130114001018,0
61130104011080,0
61130106021002,233
61130105011005,175
61130114003046,0
61130101042001,430
61130115002034,0
61130103122014,138
61130105092011,75
61130101021007,0
61130110023000,42
61130111011032,42
61130102042005,97
61130112071017,38
61130106092004,110
61130113011024,9
61130105054004,86
61130115002046,0
61130101021039,0
61130106051012,40
61130106071003,228
61130112083028,0
61130103102005,146
61130109013009,160
61130108001008,80
61130106081004,137
61130104013008,130
61130104014025,1
61130106074002,93
61130103103006,135
61130104011024,126
61130104011020,7
61130115002011,34
61130103151028,95
61130114003014,14
61130103131008,133
61130114001077,0
61130110013009,41
61130101051031,0
61130102012029,119
61130102011068,52
61130103102008,103
61130111011017,64
61130114001015,55
61130101021055,0
61130112083077,0
61130107014025,2
61130110011011,0
61130101041013,64
61130112082000,217
61130112042012,31
61130109023000,89
61130114002088,2
61130101021009,0
61130114002001,12
61130114002008,12
61130115002056,3
61130110013001,0
61130110013005,0
61130103141022,66
61130101031000,79
61130107014007,65
61130105052020,12
61130114002058,0
61130102011021,27
61130102011004,13
61130106022016,61
61130105121007,109
61130102011066,51
61130103102011,163
61130105054001,24
61130112041008,37
61130105052009,39
61130104011040,14
61130105052050,123
61130106022009,141
61130113021006,34
61130106021000,876
61130102012012,46
61130112091000,0
61130104014000,0
61130111022008,132
61130108001011,22
61130105053011,162
61130103132026,83
61130102011020,24
61130106071000,0
61130113011047,13
61130112083027,0
61130112031005,91
61130107014022,0
61130103121003,38
61130114002053,0
61130103131016,53
61130114003018,8
61130101021020,9
61130115001031,7
61130105054000,887
61130114002033,12
61130115002035,1
61130102011003,34
61130101021048,173
61130108002006,38
61130107041006,71
61130105082005,37
61130111031005,48
61130111012021,36
61130108001002,52
61130103103003,82
61130112032009,125
61130105012026,0
61130115002003,16
61130101041000,75
61130101021044,83
61130112083026,0
61130114002083,19
61130107031003,165
61130102043006,63
61130102012006,38
61130105012011,0
61130112041001,68
61130108001001,391
61130105054003,100
61130104011057,35
61130106111014,90
61130113023000,80
61130115001023,5
61130101051024,0
61130106051006,109
61130113012016,0
61130112081008,49
61130109021011,489
61130110011016,53
61130102011058,14
61130102012025,38
61130112042002,85
61130111023005,723
61130108002002,20
61130107031000,631
61130114002017,0
61130110022010,36
61130114001064,11
61130111021004,141
61130104011085,0
61130106071010,221
61130114001063,13
61130104014012,21
61130109021007,86
61130115001003,1
61130114001009,16
61130102011031,0
61130101021045,108
61130102011065,15
61130106022008,126
61130107013001,50
61130115001043,0
61130104011061,17
61130110012004,382
61130105012023,0
61130109022014,166
61130108003025,116
61130112083036,7
61130115001034,24
61130114002046,20
61130113011061,0
61130113012015,14
61130103132019,158
61130114001086,5
61130113012009,8
61130101051030,421
61130102044002,70
61130112081022,106
61130114001042,0
61130112041004,61
61130106084003,0
61130114002048,0
61130102034028,0
61130107041011,60
61130115002041,0
61130113023016,55
61130105122003,78
61130113011028,2
61130112083085,7
61130112041000,237
61130102032001,462
61130105102000,1692
61130113023019,212
61130115001039,8
61130104022019,53
61130114003002,3
61130113021018,62
61130104011029,18
61130104011071,20
61130104011045,23
61130115005020,10
61130115005027,27
61130115001041,4
61130104022020,147
61130108003003,0
61130114001011,54
61130115002083,0
61130101032008,59
61130102032010,202
61130109012006,78
61130112081016,58
61130115005013,17
61130104021026,91
61130101021056,13
61130106022014,0
61130113021015,154
61130112083111,15
61130101041010,35
61130106051005,44
61130113023011,34
61130113031014,49
61130113012039,5
61130114002002,0
61130103121002,52
61130101041014,68
61130113023009,43
61130105122011,31
61130109011013,60
61130106022015,26
61130113031016,58
61130113031028,0
61130109011018,88
61130105053001,899
61130112083033,74
61130109011015,176
61130102034009,0
61130110022005,81
61130104022002,90
61130112083107,0
61130110012001,63
61130114002018,0
61130110022003,62
61130109021012,392
61130102032003,84
61130112081011,61
61130111023002,205
61130111023009,77
61130105122005,130
61130115002021,7
61130102034024,49
61130114002121,0
61130104014002,0
61130111011003,72
61130105101006,46
61130102042004,105
61130109013015,39
61130110011006,211
61130105122001,63
61130106051017,62
61130113021004,27
61130114003004,121
61130103121018,58
61130103101014,75
61130112083070,0
61130101033018,101
61130101043005,134
61130106111001,114
61130114002034,17
61130114001003,0
61130107041012,124
61130113012040,45
61130102034016,0
61130114001071,26
61130110013007,37
61130110021007,71
61130113012035,25
61130113031000,44
61130105051017,0
61130109013007,55
61130102012020,63
61130102011053,17
61130107012005,44
61130111011009,48
61130112042020,95
61130109023011,26
61130107033005,615
61130112031012,40
61130105131001,460
61130115003017,51
61130115002075,13
61130115002084,0
61130112083076,0
61130112083072,0
61130106073012,32
61130113012023,0
61130112083115,0
61130112072009,62
61130111012008,34
61130112041016,43
61130103141020,23
61130112083054,0
61130115003031,42
61130107013007,25
61130107032009,55
61130111011005,9
61130111011019,25
61130102034038,0
61130103104006,81
61130112083013,3
61130111031009,51
61130101051010,14
61130107032006,227
61130115001021,10
61130106023006,253
61130101021029,0
61130112083043,15
61130115005015,27
61130112102002,71
61130114001076,15
61130101021037,0
61130112101000,527
61130105012016,32
61130103102017,50
61130106092013,108
61130113011048,7
61130102011060,30
61130102034012,0
61130114001065,19
61130110022016,32
61130109013019,35
61130110013014,61
61130114002054,0
61130105052016,19
61130113023010,96
61130103151031,56
61130112082026,47
61130101051001,70
61130115001024,13
61130113012024,0
61130102012019,58
61130103132020,90
61130111011014,0
61130106074000,950
61130114002022,0
61130102032006,44
61130111022000,105
61130101043008,136
61130114003003,13
61130107013002,127
61130115005010,36
61130115002054,22
61130115002076,0
61130109012002,156
61130102033000,653
61130103151025,41
61130105092002,1274
61130110011004,100
61130107032013,76
61130103121000,1477
61130101021005,0
61130113023008,85
61130112101005,66
61130108002016,0
61130105051004,0
61130107032003,149
61130105051008,102
61130112031007,145
61130107014008,41
61130104021020,55
61130115004010,17
61130111023004,179
61130103123003,159
61130108002026,0
61130111012024,25
61130106092000,347
61130101021013,3
61130105052034,0
61130105052036,88
61130109022010,55
61130106073013,70
61130109023003,113
61130107041005,111
61130101021036,0
61130114001049,3
61130106074008,0
61130104013001,44
61130101021017,6
61130105102004,43
61130103151013,81
61130106051018,49
61130115004019,18
61130115003024,31
61130105051007,19
61130112081003,47
61130114003017,6
61130101043006,132
61130107013000,25
61130109013011,113
61130108002008,41
61130104011036,3
61130104011058,11
61130114002108,0
61130105122009,120
61130106024000,1052
61130114002095,0
61130113012010,6
61130104011009,16
61130106022005,55
61130105104003,230
61130102012000,30
61130103132005,81
61130103131017,92
61130112083096,0
61130113011044,0
61130110022002,46
61130112081014,29
61130104011043,42
61130106091003,50
61130107011008,33
61130107013010,30
61130103151018,0
61130115005016,83
61130114003044,9
61130113011015,8
61130108002025,3
61130112042013,88
61130102043021,67
61130112083119,46
61130114002045,25
61130112102001,166
61130114001033,12
61130110013021,91
61130112102006,64
61130112043011,62
61130105054002,274
61130103132024,83
61130105082003,21
61130115002027,9
61130107013009,36
61130113011002,11
61130102011040,0
61130115002066,0
61130111032001,331
61130114001070,24
61130112083092,0
61130112083122,114
61130106022018,0
61130102041006,105
61130109011006,121
61130104014024,3
61130108002017,127
61130103132004,259
61130110022008,33
61130112032007,48
61130104022008,59
61130104011042,5
61130115002062,7
61130104014026,0
61130106071001,0
61130110023011,106
61130105012028,8
61130112082005,228
61130105052014,12
61130106025002,134
61130105092003,76
61130115004020,20
61130112041010,104
61130101041009,87
61130101051019,20
61130115002087,18
61130106071005,57
61130114001074,0
61130113012014,89
61130112083017,0
61130108003024,221
61130106083000,153
61130104011060,0
61130113011016,7
61130106051002,59
61130111012004,39
61130103102002,62
61130114001004,25
61130114003049,0
61130112083117,15
61130110012002,45
61130107014019,0
61130106084014,9
61130105052018,6
61130113021010,7
61130102011033,39
61130103121009,39
61130108003012,23
61130108003020,0
61130110011010,102
61130110022011,27
61130113011007,0
61130105052010,5
61130107011003,56
61130105103003,501
61130115004003,50
61130111022006,142
61130113023003,73
61130101032007,76
61130107014035,28
61130115004016,19
61130106052007,4
61130114002027,0
61130107014017,0
61130114002038,8
61130105122007,55
61130114002063,0
61130101032003,82
61130107011013,139
61130104011059,0
61130106073006,0
61130112072012,14
61130113011042,11
61130107014039,40
61130112091009,103
61130103141004,41
61130104021014,1
61130112042014,35
61130114001023,0
61130115002050,34
61130104011008,59
61130102031002,26
61130112083002,7
61130101021002,3
61130105092004,89
61130109011016,94
61130113012004,0
61130106025003,89
61130109022003,143
61130112081024,37
61130113023004,37
61130107012000,678
61130102011041,45
61130102011064,42
61130103131009,87
61130107012006,115
61130112042008,106
61130114003057,0
61130112031014,52
61130110013033,64
61130114001047,46
61130114001060,1
61130113031010,21
61130113012003,17
61130112082004,56
61130104011041,6
61130104014029,18
61130104014019,12
61130114002009,3
61130115002017,14
61130103141006,80
61130111011002,11
61130102042008,85
61130105012007,37
61130115005004,0
61130101021025,0
61130107032011,47
61130103132018,95
61130105052051,0
61130111011027,0
61130105011003,55
61130108003000,31
61130112083044,12
61130105082009,51
61130112071027,28
61130102042017,42
61130103122004,56
61130106074006,54
61130115002098,4
61130115002002,82
61130103131007,52
61130112101007,150
61130105122012,41
61130114001043,0
61130114003042,24
61130110012006,312
61130104011070,19
61130101033001,134
61130115002007,0
61130106073008,0
61130106074007,28
61130113031018,59
61130106081002,1009
61130102011059,33
61130101043004,84
61130106073003,30
61130102011002,101
61130112072020,0
61130110022013,15
61130109011012,77
61130115005017,45
61130105081004,345
61130114002015,0
61130110022004,80
61130115005048,4
61130115004017,8
61130115003034,45
61130106082000,2025
61130110013023,42
61130115002039,0
61130112082023,261
61130106073004,37
61130112072000,64
61130107041014,303
61130101021019,0
61130114001026,0
61130115003012,49
61130105103002,0
61130112043006,71
61130113011057,0
61130112072006,66
61130115003022,1
61130103121005,209
61130112102015,104
61130114001046,73
61130114002118,0
61130106092002,57
61130103121012,111
61130106073002,114
61130112042017,89
61130102044005,111
61130101041001,97
61130115002065,0
61130105053007,96
61130115005049,7
61130106084009,50
61130111011010,48
61130112042015,64
61130113011023,4
61130114002031,30
61130110021003,70
61130113031005,18
61130102011025,27
61130105102001,42
61130106111005,64
61130102011035,0
61130110013025,71
61130111011025,23
61130111012015,96
61130114001020,0
61130101021059,44
61130114001097,0
61130112083097,0
61130114002065,0
61130112041015,44
61130106051022,68
61130103131003,108
61130114001022,0
61130105051016,6
61130115002086,0
61130103151007,113
61130103151029,89
61130115004004,61
61130112092008,57
61130112092006,67
61130101043011,158
61130105121003,58
61130104014034,48
61130102034030,0
61130109013006,49
61130115001000,62
61130114002093,14
61130106084013,112
61130113012017,0
61130113021012,75
61130109023021,10
61130101041002,110
61130112083052,65
61130105101004,619
61130110011001,121
61130105011015,2
61130107014000,10
61130110012000,32
61130111011023,26
61130112083041,15
61130102042003,0
61130106111013,101
61130115002071,0
61130115005026,0
61130101021052,143
61130111012023,42
61130115002044,5
61130101021046,116
61130101033009,77
61130109022013,63
61130107041001,24
61130108001012,52
61130101051025,62
61130105121002,50
61130112092010,82
61130115005028,31
61130112091001,52
61130104014036,140
61130112083081,0
61130107014032,34
61130108002000,53
61130113023001,82
61130115002008,6
61130115001013,6
61130112083062,0
61130107014026,9
61130106071006,425
61130112083120,0
61130115005052,9
61130113041022,14
61130109023009,36
61130111012022,38
61130114003007,0
61130114003055,5
61130113011059,18
61130115005044,0
61130103131002,302
61130114003071,13
61130112082020,22
61130115002013,1
61130113023013,137
61130103141001,0
61130105081003,51
61130114003048,0
61130112081002,44
61130102033001,611
61130108001000,0
61130103102004,45
61130110023014,42
61130101041005,103
61130107041019,38
61130113023002,705
61130101021016,7
61130102034032,0
61130115003025,14
61130106102008,47
61130115005000,2
61130112071014,41
61130102043019,93
61130102012013,31
61130108003015,15
61130104014006,0
61130105052052,0
61130106023002,97
61130111031003,639
61130104011010,78
61130115001016,12
61130115002026,15
61130103104007,0
61130106081007,56
61130105082006,40
61130113012013,0
61130114002107,31
61130114001061,0
61130112071030,0
61130108003019,0
61130111011018,239
61130103131006,118
61130103151023,112
61130113012011,13
61130101044005,28
61130106102013,479
61130110022014,101
61130114001048,1
61130103131020,57
61130112082016,33
61130108002020,19
61130108003007,0
61130102012001,48
61130105104000,0
61130103141014,92
61130104021007,30
61130115002092,0
61130109022015,0
61130104011073,31
61130101031002,44
61130105011002,0
61130107041017,91
61130101032002,45
61130106111000,93
61130107014011,42
61130114002023,3
61130101041004,93
61130113021003,43
61130115004008,0
61130112083048,0
61130103101016,58
61130103102006,82
61130113012028,0
61130102012028,25
61130103151020,0
61130112041002,59
61130112083080,0
61130105052029,0
61130105051001,12
61130113021016,56
61130102041003,81
61130102011045,28
61130111022007,20
61130112042009,62
61130112042018,56
61130112032013,48
61130114003059,62
61130113011035,21
61130105011004,241
61130105052040,394
61130107013013,7
61130111032002,93
61130115001040,1
61130108003016,0
61130115003015,73
61130110013024,32
61130114002035,0
61130114002052,0
61130106023001,46
61130104021019,55
61130105103004,207
61130107041018,54
61130112041007,63
61130106073009,5
61130106082002,0
61130115003027,42
61130113012005,0
61130110023017,49
61130111023007,62
61130105053006,52
61130114003009,0
61130110023003,30
61130104011048,0
61130114001055,0
61130106102007,71
61130112081013,77
61130103151012,0
61130113011045,7
61130103103009,112
61130114001030,0
61130114002086,0
61130107011006,47
61130101021033,7
61130105091003,115
61130104014030,5
61130112032005,66
61130101033013,155
61130106052008,0
61130107014003,19
61130112083098,0
61130111012014,60
61130114001037,0
61130104021012,0
61130107034004,49
61130107032008,36
61130106024001,29
61130106052009,0
61130110011002,500
61130110013015,70
61130108001009,0
61130111031008,156
61130101042003,74
61130101041015,105
61130110013034,34
61130106073011,56
61130101021042,54
61130114002067,6
61130113012029,12
61130107014033,60
61130112072004,17
61130115005043,20
61130106111012,64
61130101044001,47
61130114002016,74
61130114002092,23
61130114003005,63
61130109011007,99
61130104014018,0
61130113012019,0
61130110011014,59
61130111031004,115
61130107012002,41
61130102043010,84
61130112043018,46
61130113012027,9
61130104022013,127
61130110013026,43
61130114003064,29
61130103132015,0
61130110023018,45
61130110013018,0
61130105012000,0
61130113011017,25
61130105012021,583
61130107014036,69
61130103132001,0
61130101031012,69
61130107013005,35
61130106102004,980
61130101042002,86
61130112032003,42
61130114001019,0
61130105122013,56
61130112071016,24
61130103123000,132
61130112102012,66
61130105081005,17
61130112071026,36
61130113011008,30
61130112071023,0
61130113012030,0
61130112082013,64
61130112082008,80
61130112042000,0
61130102034040,0
61130112102014,203
61130109021002,187
61130110023008,45
61130113011038,11
61130102011018,29
61130105052002,0
61130102034043,0
61130104014015,0
61130113011054,0
61130110013006,25
61130109013026,61
61130103151022,0
61130105091004,278
61130103104001,102
61130113011010,0
61130103104004,336
61130104022014,168
61130103101012,0
61130112032010,53
61130103141007,62
61130102043017,72
61130114001000,0
61130104011035,0
61130105053005,100
61130106023003,70
61130107013017,45
61130115005005,0
61130115003019,48
61130103122007,43
61130102034004,0
61130112082006,40
61130103151004,0
61130111031011,61
61130108002004,72
61130115002037,0
61130105052048,82
61130102011024,21
61130106101013,0
61130110022015,48
61130114002069,0
61130104021034,0
61130108003005,0
61130101021028,0
61130114003001,4
61130103101002,0
61130115002022,0
61130104011091,0
61130104011077,15
61130104021039,0
61130114002120,0
61130104021036,0
61130115001032,3
61130102034042,0
61130103123004,174
61130104014007,0
61130105082004,425
61130105052028,0
61130105052001,0
61130104011050,0
61130104014003,0
61130101021062,0
61130105052024,0
61130104011082,0
61130115002015,0
61130114002073,0
61130104011088,0
61130104011000,0
61130104014027,0
61130104011047,0
61130104021000,0
61130104011051,0
61130114002003,0
61130103101000,0
61130101021000,0
61130112091014,72
61130105052008,0
61130115002085,0
61130103121014,39
61130114002000,0
61130115002074,0
61130102011000,0
61130114002106,0
61130113011032,0
61130104014028,0
61130114003074,3
61130106084002,0
61130102011029,0
61130106084007,21
61130114002089,0
61130104011090,0
61130114002072,0
61130102034037,0
61130112071024,15
61130114003008,0
61130104021035,0
61130102034041,0
61130101021011,0
61130113041013,15
61130112083018,0
61130104011081,0
61130114001062,5
61130104011086,0
61130102011042,27
61130104011017,0
61130104014016,0
61130104011021,0
61130112083019,0
61130109023020,31
61130113031033,0
61130101051029,34
61130101033007,0
61130106051004,215
61130101021031,0
61130104014014,0
61130112083010,0
61130109011003,436
61130112083001,0
61130104014032,0
61130103141000,0
61130114003000,0
61130114003073,0
61130114002090,0
61130113011030,15
61130104014017,0
61130104014020,0
61130103131000,0
61130101021012,0
61130103132000,0
61130103101004,0
61130105052027,0
61130112083003,0
61130104011026,0
61130104011007,0
61130104011065,0
61130103151001,0
61130105052023,0
61130115001009,0
61130105051018,0
61130115001006,0
61130104021010,0
61130109021010,173
61130110013010,83
61130112071018,42
61130103151003,0
61130113041020,0
61130104021028,0
61130113011033,0
61130104011063,18
61130110013011,399
61130115002068,13
61130115002091,0
61130101044000,0
61130110022007,122
61130114002105,0
61130114002004,0
61130112081025,59
61130102034019,0
61130102034020,0
61130101051032,0
61130103151002,0
61130102011056,0
61130115001007,0
61130104021011,0
61130104011006,0
61130113031032,16
61130104013009,160
61130103151000,0
61130115002088,0
61130115001008,0
61130102012031,0
61130104014004,0
61130101033000,0
61130104011087,0
61130114002070,0
61130104011031,0
61130115001001,0
61130104011002,0
61130112083024,18
61130104022007,108
61130113012022,13
61130112083083,0
61130102011057,0
61130107032010,36
61130114002112,0
61130109023014,21
61130115002055,0
61130104011049,0
61130101021061,0
61130104021033,0
61130112083016,0
